iter	MultiClass
0	1.209088834
1	0.9838858479
